{
  "id": "custom-system-changes",
  "type": "module",
  "title": "Custom System Changes",
  "description": "Overrides PF2e coin icons and renames the Coins label to Treasure.",
  "version": "1.0.0",
  "authors": [
    {
      "name": "You"
    }
  ],
  "compatibility": {
    "minimum": "12",
    "verified": "12"
  },
  "relationships": {
    "systems": [
      {
        "id": "pf2e"
      }
    ]
  },
  "styles": [
    "styles/custom-system-changes.css"
  ],
  "manifest": "https://REPLACE-WITH-YOUR-MANIFEST-URL/module.json",
  "download": "https://REPLACE-WITH-YOUR-DOWNLOAD-URL/custom-system-changes.zip",
  "url": "https://example.com",
  "license": "MIT"
}