{
  "id": "custom-system-changes",
  "title": "PF2E Custom System Changes",
  "description": "Changes specific elements of the PF2E system.",
  "version": "1.0.0",
  "authors": [
    {
      "name": "You"
    }
  ],
  "compatibility": {
    "minimum": "12",
    "verified": "12"
  },
  "systems": [
    "pf2e"
  ],
  "styles": [
    "styles/custom-system-changes.css"
  ],
  "url": "https://example.com/your-project-homepage",
  "manifest": "https://raw.githubusercontent.com/jingjangxd-ux/custom-system-changes/main/module.json",
  "download": "https://raw.githubusercontent.com/jingjangxd-ux/custom-system-changes/main/custom-system-changes.zip",
  "license": "MIT"
}
