{
  "id": "custom-system-changes",
  "type": "module",
  "title": "PF2E Custom System Changes",
  "description": "Coin tweaks + duplicate blank rune option labeled 'Specific Magic Item' with persistent selection.",
  "version": "1.3.1",
  "authors": [
    {
      "name": "You"
    }
  ],
  "compatibility": {
    "minimum": "12",
    "verified": "12"
  },
  "relationships": {
    "systems": [
      {
        "id": "pf2e"
      }
    ]
  },
  "styles": [
    "styles/custom-system-changes.css"
  ],
  "scripts": [
    "scripts/custom-system-changes.js"
  ],
  "esmodules": [
    "scripts/custom-system-changes.js"
  ],
  "manifest": "https://raw.githubusercontent.com/jingjangxd-ux/custom-system-changes/main/module.json",
  "download": "https://raw.githubusercontent.com/jingjangxd-ux/custom-system-changes/main/custom-system-changes.zip",
  "url": "https://example.com/your-project-homepage",
  "license": "MIT"
}