{
  "id": "custom-currency-icons",
  "title": "Custom Currency Icons (PF2e)",
  "description": "Overrides the PF2e coin icons on character sheets with your own images.",
  "version": "1.0.0",
  "authors": [
    {
      "name": "You"
    }
  ],
  "compatibility": {
    "minimum": "12",
    "verified": "12"
  },
  "systems": [
    "pf2e"
  ],
  "styles": [
    "styles/custom-currency.css"
  ],
  "url": "https://example.com/your-project-homepage",
  "manifest": "https://raw.githubusercontent.com/jingjangxd-ux/custom-system-changes/main/module.json",
  "download": "https://raw.githubusercontent.com/jingjangxd-ux/custom-system-changes/main/custom-currency-icons.zip",
  "license": "MIT"
}
